<wpml-config>
    <admin-texts>
		<key name='theme_mods_zerif-pro'>
			<key name='zerif_copyright' />
			<key name='zerif_email_icon' />
			<key name='zerif_email' />
			<key name='zerif_phone_icon' />
			<key name='zerif_phone' />
			<key name='zerif_address_icon' />
			<key name='zerif_address' />
			<key name='zerif_socials_facebook' />
			<key name='zerif_socials_twitter' />
			<key name='zerif_socials_linkedin' />
			<key name='zerif_socials_behance' />
			<key name='zerif_socials_dribbble' />
			<key name='zerif_socials_googleplus' />
			<key name='zerif_socials_pinterest' />
			<key name='zerif_socials_tumblr' />
			<key name='zerif_socials_reddit' />
			<key name='zerif_socials_youtube' />
			<key name='zerif_socials_instagram' />
			<key name='zerif_bigtitle_title' />
			<key name='zerif_bigtitle_redbutton_label' />
			<key name='zerif_bigtitle_redbutton_url' />
			<key name='zerif_bigtitle_greenbutton_label' />
			<key name='zerif_bigtitle_greenbutton_url' />
			<key name='themeslug_parallax_img1' />
			<key name='themeslug_parallax_img2' />
			<key name='zerif_ourfocus_title' />
			<key name='zerif_ourfocus_subtitle' />
			<key name='zerif_portofolio_title' />
			<key name='zerif_portofolio_subtitle' />
			<key name='zerif_aboutus_title' />
			<key name='zerif_aboutus_subtitle' />
			<key name='zerif_aboutus_biglefttitle' />
			<key name='zerif_aboutus_text' />
			<key name='zerif_aboutus_feature1_title' />
			<key name='zerif_aboutus_feature1_text' />
			<key name='zerif_aboutus_feature1_nr' />
			<key name='zerif_aboutus_feature2_title' />
			<key name='zerif_aboutus_feature2_text' />
			<key name='zerif_aboutus_feature2_nr' />
			<key name='zerif_aboutus_feature3_title' />
			<key name='zerif_aboutus_feature3_text' />
			<key name='zerif_aboutus_feature3_nr' />
			<key name='zerif_aboutus_feature4_title' />
			<key name='zerif_aboutus_feature4_text' />
			<key name='zerif_aboutus_feature4_nr' />
			<key name='zerif_aboutus_clients_title_text' />
			<key name='zerif_ourteam_title' />
			<key name='zerif_ourteam_subtitle' />
			<key name='zerif_testimonials_title' />
			<key name='zerif_testimonials_subtitle' />
			<key name='zerif_bottomribbon_text' />
			<key name='zerif_bottomribbon_buttonlabel' />
			<key name='zerif_bottomribbon_buttonlink' />
			<key name='zerif_ribbonright_text' />
			<key name='zerif_ribbonright_buttonlabel' />
			<key name='zerif_ribbonright_buttonlink' />
			<key name='zerif_contactus_title' />
			<key name='zerif_contactus_email' />
			<key name='zerif_contactus_subtitle' />
			<key name='zerif_contactus_button_label' />
			<key name='zerif_contactus_name_placeholder' />
			<key name='zerif_contactus_email_placeholder' />
			<key name='zerif_contactus_subject_placeholder' />
			<key name='zerif_contactus_message_placeholder' />
			<key name='zerif_subscribe_title' />
			<key name='zerif_subscribe_subtitle' />
			<key name='zerif_latestnews_title' />
			<key name='zerif_latestnews_subtitle' />
			<key name='zerif_googlemap_address' />
			<key name='zerif_packages_title' />
			<key name='zerif_packages_subtitle' />
		</key>	
    </admin-texts>
</wpml-config>
